{
  "display": {
    "title": "Webacade",
    "favicon": "favicon_asset",
    "navmapThumbnail": "scene-thumbnail.png"
  },
  "owner": "",
  "contact": {
    "name": "Mayhemv01",
    "email": ""
  },
  "main": "bin/game.js",
  "tags": [],
  "scene": {
    "parcels": [
      "0,0"
    ],
    "base": "0,0"
  },
  "source": {
    "version": 1,
    "origin": "builder",
    "projectId": "d507d461-7d25-4dad-ba35-23cb90c870e0",
    "point": {
      "x": 0,
      "y": 0
    },
    "rotation": "east",
    "layout": {
      "rows": 1,
      "cols": 1
    }
  }
}